,City,Cloudiness,Country,Date,Humidity,Lat,Lng,Max Temp,Wind Speed
0,haines junction,96,CA,1589032243,64,60.75,-137.51,5.9,0.55
1,ukiah,1,US,1589032153,81,39.15,-123.21,11.11,0.69
2,bethel,20,US,1589032244,55,41.37,-73.41,2.78,6.7
3,east london,0,ZA,1589032061,73,-33.02,27.91,22.0,3.6
4,mar del plata,0,AR,1589032244,76,-38.0,-57.56,17.22,9.3
5,busselton,0,AU,1589032244,63,-33.65,115.33,8.33,2.86
6,sao filipe,6,CV,1589032245,70,14.9,-24.5,24.17,5.36
7,avarua,36,CK,1589032245,83,-21.21,-159.78,26.0,3.1
8,nemuro,81,JP,1589032245,69,43.32,145.57,9.2,2.86
9,hay river,75,CA,1589032246,86,60.82,-115.8,-2.0,5.1
10,bonavista,31,CA,1589032246,76,48.65,-53.11,4.06,7.67
11,barrow,1,US,1589032246,85,71.29,-156.79,-8.0,3.6
12,atambua,99,ID,1589032246,85,-9.11,124.89,22.31,2.03
13,ushuaia,75,AR,1589032247,93,-54.8,-68.3,6.0,1.5
14,puerto ayora,86,EC,1589032247,94,-0.74,-90.35,25.0,0.89
15,rikitea,66,PF,1589032247,71,-23.12,-134.97,23.52,1.33
16,vilyuysk,0,RU,1589032247,95,63.76,121.62,-5.39,1.75
17,yar-sale,30,RU,1589032248,95,66.83,70.83,1.32,2.84
18,atasu,87,KZ,1589032248,33,48.68,71.64,20.8,5.68
19,qaanaaq,0,GL,1589031994,81,77.48,-69.36,-12.0,0.88
20,merrill,1,US,1589032007,44,45.18,-89.68,4.0,3.6
21,castro,0,BR,1589031962,54,-24.79,-50.01,17.37,2.95
22,port elizabeth,7,ZA,1589032249,73,-33.92,25.57,21.0,5.1
23,new norfolk,84,AU,1589032250,79,-42.78,147.06,5.56,0.45
24,trogir,35,HR,1589032250,40,43.51,16.25,22.0,5.1
25,ribeira grande,75,PT,1589032251,82,38.52,-28.7,19.0,8.7
26,albany,0,US,1589032251,40,42.6,-73.97,2.78,1.79
27,sangar,59,RU,1589032251,96,63.92,127.47,-5.79,3.71
28,meulaboh,100,ID,1589032251,87,4.14,96.13,26.22,1.58
29,cape town,0,ZA,1589032247,44,-33.93,18.42,25.0,1.0
30,natchez,1,US,1589032252,67,31.56,-91.4,15.0,6.7
31,maniitsoq,56,GL,1589032252,70,65.42,-52.9,4.87,4.51
32,srednekolymsk,54,RU,1589032252,98,67.45,153.68,-2.89,3.53
33,hasaki,90,JP,1589032253,82,35.73,140.83,17.22,3.6
34,college,75,US,1589032253,65,64.86,-147.8,10.0,2.1
35,kuzhener,0,RU,1589032253,45,56.81,48.91,23.1,2.49
36,tabou,79,CI,1589032254,73,4.42,-7.35,29.7,3.9
37,severo-kurilsk,70,RU,1589032254,91,50.68,156.12,0.88,8.64
38,coahuayana,40,MX,1589032255,68,18.73,-103.68,22.0,0.43
39,saint george,1,US,1589032255,28,37.1,-113.58,15.0,2.6
40,hermanus,0,ZA,1589032255,47,-34.42,19.23,28.33,2.4
41,namtsy,75,RU,1589032255,74,62.72,129.67,-2.0,4.0
42,christchurch,6,NZ,1589032256,93,-43.53,172.63,12.78,4.6
43,gerash,79,IR,1589032256,14,27.67,54.14,37.0,2.3
44,guia de isora,20,ES,1589032256,64,28.21,-16.78,23.0,4.1
45,hilo,90,US,1589032257,88,19.73,-155.09,21.0,2.6
46,nandu,0,CN,1589032257,77,22.85,110.82,28.68,1.9
47,grindavik,0,IS,1589032257,35,63.84,-22.43,6.0,5.7
48,jamestown,90,US,1589031991,68,42.1,-79.24,-1.11,5.7
49,vaini,75,TO,1589032258,94,-21.2,-175.2,26.0,4.6
50,cidreira,0,BR,1589032258,51,-30.18,-50.21,20.16,2.3
51,faanui,4,PF,1589032258,80,-16.48,-151.75,27.82,6.52
52,bras-panon,90,RE,1589032259,73,-21.0,55.68,25.0,5.1
53,khatanga,56,RU,1589032259,96,71.97,102.5,-3.74,7.59
54,the pas,1,CA,1589032259,74,53.83,-101.25,-2.0,2.6
55,yellowknife,75,CA,1589032259,79,62.46,-114.35,-4.0,6.2
56,panguna,49,PG,1589032260,100,-6.32,155.48,20.62,0.93
57,tuktoyaktuk,40,CA,1589032260,85,69.45,-133.04,-5.0,6.7
58,sur,0,OM,1589032260,50,22.57,59.53,31.11,1.79
59,fortuna,90,US,1589032261,100,40.6,-124.16,10.56,1.2
60,mataura,2,NZ,1589032261,88,-46.19,168.86,8.54,1.73
61,itarema,92,BR,1589032261,72,-2.92,-39.92,29.23,4.62
62,kodiak,90,US,1589032262,87,57.79,-152.41,7.0,7.2
63,egvekinot,100,RU,1589032262,93,66.32,-179.17,-1.71,5.81
64,aksarka,0,RU,1589032263,87,66.56,67.8,3.93,2.83
65,porterville,1,US,1589032264,67,36.07,-119.02,18.33,3.6
66,atuona,10,PF,1589032264,76,-9.8,-139.03,27.14,8.32
67,kismayo,100,SO,1589032264,79,-0.36,42.55,28.28,7.44
68,mitsamiouli,75,KM,1589032265,70,-11.38,43.28,29.0,7.7
69,carutapera,80,BR,1589032265,83,-1.2,-46.02,28.52,1.93
70,tottori,100,JP,1589032266,87,35.5,134.23,16.73,5.98
71,hobart,20,AU,1589032266,81,-42.88,147.33,6.0,2.6
72,hithadhoo,100,MV,1589032266,78,-0.6,73.08,29.5,6.54
73,tazovskiy,2,RU,1589032266,95,67.47,78.7,0.44,5.58
74,sorland,100,NO,1589032267,82,67.67,12.69,0.96,5.77
75,sinnamary,76,GF,1589032267,79,5.38,-52.95,27.12,4.24
76,mountain home,1,US,1589032078,39,43.13,-115.69,9.0,5.1
77,airai,98,TL,1589032268,100,-8.93,125.41,14.57,1.41
78,punta arenas,75,CL,1589032268,93,-53.15,-70.92,6.0,2.1
79,bela,0,IN,1589032269,13,25.93,81.98,36.67,1.31
80,caravelas,45,BR,1589032269,65,-17.71,-39.25,24.68,6.08
81,am timan,88,TD,1589032270,19,11.03,20.28,38.95,2.21
82,lalmohan,0,BD,1589032270,68,22.34,90.74,29.9,4.12
83,clyde river,90,CA,1589032270,85,70.47,-68.59,-11.0,9.8
84,bluff,8,NZ,1589032270,82,-46.6,168.33,11.8,5.46
85,bredasdorp,4,ZA,1589032271,3,-34.53,20.04,21.0,5.1
86,flin flon,20,CA,1589032271,74,54.77,-101.86,-2.0,3.1
87,port alfred,13,ZA,1589032271,89,-33.59,26.89,20.56,0.89
88,ancud,75,CL,1589032271,93,-41.87,-73.82,11.67,4.6
89,ardmore,1,US,1589032272,66,34.17,-97.14,13.33,3.1
90,elk plain,1,US,1589032272,100,47.05,-122.4,10.56,1.18
91,butaritari,49,KI,1589032272,77,3.07,172.79,28.28,2.44
92,ust-ilimsk,78,RU,1589032273,70,58.0,102.66,7.78,3.04
93,mezobereny,100,HU,1589032273,29,46.82,21.03,25.0,3.1
94,ippy,100,CF,1589032274,60,6.27,21.22,27.7,1.6
95,snezhnogorsk,91,RU,1589032274,48,69.19,33.25,5.0,1.0
96,ust-koksa,0,RU,1589032275,36,50.27,85.61,14.37,0.38
97,mahebourg,40,MU,1589032275,69,-20.41,57.7,26.0,4.1
98,chokurdakh,79,RU,1589032275,98,70.63,147.92,-3.86,2.41
99,broken hill,0,AU,1589032242,58,-31.95,141.43,9.0,3.6
100,gat,0,IL,1589032276,56,31.61,34.76,24.44,1.79
101,lagoa,18,PT,1589032276,91,39.05,-27.98,17.2,10.37
102,novoanninskiy,100,RU,1589032276,66,50.53,42.67,15.56,4.92
103,taltal,14,CL,1589032277,54,-25.4,-70.48,19.27,2.61
104,jaciara,7,BR,1589032005,67,-15.97,-54.97,25.16,1.73
105,bajil,1,YE,1589032277,34,15.06,43.29,36.76,5.4
106,avera,1,US,1589032278,47,33.19,-82.53,14.0,4.1
107,klaksvik,100,FO,1589032278,64,62.23,-6.59,4.0,12.9
108,kapaa,40,US,1589032279,83,22.08,-159.32,22.0,4.6
109,bemidji,90,US,1589032280,48,47.47,-94.88,4.44,2.1
110,saskylakh,100,RU,1589032280,94,71.92,114.08,-7.51,8.37
111,vershino-shakhtaminskiy,100,RU,1589032280,86,51.3,117.89,4.12,2.5
112,saint anthony,75,US,1589032281,33,45.02,-93.22,7.0,3.1
113,victoria,6,HK,1589032232,81,22.29,114.16,28.89,0.89
114,pimentel,88,PE,1589032281,73,-6.84,-79.93,22.0,2.1
115,lebu,4,CL,1589032282,88,-37.62,-73.65,14.09,5.73
116,voh,16,NC,1589032282,87,-20.97,164.7,20.09,1.44
117,kalmar,34,SE,1589032104,62,56.66,16.36,16.11,7.2
118,tiznit,32,MA,1589032283,44,29.58,-9.5,20.97,4.39
119,cayenne,62,GF,1589032167,78,4.93,-52.33,28.0,4.6
120,kalianget,95,ID,1589032283,80,-7.05,113.93,28.06,2.79
121,provideniya,100,RU,1589032284,95,64.38,-173.3,0.23,6.78
122,kakinada,16,IN,1589032284,61,16.93,82.22,31.18,3.32
123,tarakan,68,ID,1589031997,75,3.3,117.63,29.33,3.1
124,ouargaye,32,BF,1589032285,20,11.5,0.06,40.81,0.43
125,mathbaria,0,BD,1589032286,66,22.29,89.96,29.53,3.41
126,carnarvon,100,AU,1589032286,45,-24.87,113.63,24.07,7.07
127,tasiilaq,40,GL,1589032286,83,65.61,-37.64,0.0,1.5
128,margate,49,GB,1589032287,53,51.38,1.39,19.44,2.24
129,sioux lookout,40,CA,1589032287,63,50.1,-91.92,-2.0,4.6
130,muisne,75,EC,1589032287,94,0.6,-80.03,26.0,2.1
131,black river,20,JM,1589032287,70,18.03,-77.85,29.0,3.1
132,kupang,100,ID,1589032288,73,-10.17,123.58,26.24,5.15
133,quang ngai,2,VN,1589032288,87,15.12,108.8,26.77,1.98
134,solnechnyy,100,RU,1589032289,52,50.72,136.63,8.88,1.04
135,shingu,100,JP,1589032289,91,33.73,135.98,16.16,0.71
136,capiibary,0,PY,1589032289,47,-24.8,-56.03,19.74,4.23
137,evensk,100,RU,1589032289,93,61.95,159.23,0.16,6.3
138,coihaique,75,CL,1589032048,81,-45.58,-72.07,9.0,4.1
139,arraial do cabo,0,BR,1589032290,69,-22.97,-42.03,23.0,2.6
140,alberton,100,CA,1589032290,52,46.82,-64.07,5.0,8.19
141,storsteinnes,75,NO,1589032291,69,69.24,19.23,2.0,10.8
142,dubbo,0,AU,1589032241,71,-32.25,148.62,11.0,4.6
143,kaitangata,0,NZ,1589032291,88,-46.28,169.85,11.11,0.89
144,lamu,100,KE,1589032292,88,-2.27,40.9,26.24,8.95
145,palana,100,RU,1589032292,100,59.12,159.97,-1.86,9.41
146,saint-philippe,75,RE,1589032292,69,-21.36,55.77,25.0,7.7
147,omboue,93,GA,1589032293,76,-1.57,9.26,27.7,0.79
148,southbridge,68,US,1589032293,78,42.08,-72.03,2.22,1.34
149,hermiston,1,US,1589032293,86,45.84,-119.29,10.0,1.52
150,kyshtovka,0,RU,1589032293,41,56.55,76.63,22.03,2.8
151,santiago de cao,75,PE,1589032294,88,-7.96,-79.24,19.0,2.1
152,richmond,1,US,1589032267,45,37.55,-77.46,8.33,4.6
153,dubai,3,AE,1589032088,49,25.26,55.3,33.0,4.6
154,hamilton,1,US,1589032220,44,39.18,-84.53,6.11,3.6
155,sao joao da barra,20,BR,1589032295,60,-21.64,-41.05,24.0,3.1
156,nikolskoye,40,RU,1589032296,37,59.7,30.79,13.0,8.0
157,skibbereen,20,IE,1589032296,63,51.55,-9.27,19.0,4.6
158,chuy,8,UY,1589032297,60,-33.7,-53.46,16.45,4.48
159,poum,60,NC,1589032297,76,-20.23,164.02,24.03,6.47
160,salalah,20,OM,1589032297,74,17.02,54.09,31.0,6.7
161,tessalit,1,ML,1589032297,7,20.2,1.01,40.77,1.9
162,saldanha,0,ZA,1589032298,28,-33.01,17.94,30.0,2.6
163,grand gaube,5,MU,1589032298,70,-20.01,57.66,25.0,1.34
164,dingle,100,PH,1589032298,72,11.0,122.67,26.82,2.46
165,santa maria,6,BR,1589032299,47,-29.68,-53.81,20.53,2.87
166,upernavik,100,GL,1589032299,95,72.79,-56.15,-6.38,5.25
167,bilibino,100,RU,1589032299,93,68.05,166.44,-2.04,3.83
168,sorong,100,ID,1589032300,87,-0.88,131.25,27.69,5.84
169,itaueira,100,BR,1589032300,67,-7.6,-43.03,28.0,4.52
170,lithgow,5,AU,1589032301,76,-33.48,150.15,7.22,5.36
171,banff,1,CA,1589032301,87,51.18,-115.57,3.33,1.79
172,dikson,38,RU,1589032301,97,73.51,80.55,-1.12,9.34
173,beringovskiy,100,RU,1589032301,97,63.05,179.32,0.11,12.46
174,petropavlovsk-kamchatskiy,0,RU,1589032302,60,53.05,158.65,4.0,2.0
175,torbay,75,CA,1589032302,49,47.67,-52.73,11.67,8.7
176,pevek,13,RU,1589032121,88,69.7,170.31,-0.29,2.03
177,geraldton,100,AU,1589032302,55,-28.77,114.6,16.0,4.6
178,kruisfontein,50,ZA,1589032303,64,-34.0,24.73,21.31,3.78
179,isangel,6,VU,1589032303,81,-19.55,169.27,23.0,5.87
180,thompson,75,CA,1589032303,79,55.74,-97.86,-6.0,6.2
181,goma,27,CD,1589032304,75,-1.68,29.22,22.31,1.5
182,leh,86,IN,1589032304,50,34.17,77.58,7.61,1.54
183,san quintin,85,MX,1589032304,88,30.48,-115.95,17.58,0.97
184,zhigansk,0,RU,1589032305,92,66.77,123.37,-9.66,2.49
185,cabo san lucas,5,MX,1589032305,32,22.89,-109.91,22.78,3.44
186,ciocanesti,2,RO,1589032305,33,44.6,25.85,24.0,1.0
187,taoudenni,0,ML,1589032305,10,22.68,-3.98,42.5,1.67
188,myanaung,0,MM,1589032306,28,18.28,95.32,35.94,2.32
189,carauari,96,BR,1589032307,79,-4.88,-66.9,24.48,0.86
190,salinopolis,21,BR,1589032307,82,-0.61,-47.36,28.09,3.63
191,orsha,100,BY,1589032307,33,54.52,30.41,17.0,3.0
192,hobyo,5,SO,1589032307,68,5.35,48.53,30.36,5.68
193,igarka,100,RU,1589032308,96,67.47,86.58,-0.92,7.03
194,lompoc,90,US,1589032308,100,34.64,-120.46,12.78,0.54
195,longyearbyen,40,SJ,1589032308,57,78.22,15.64,-5.0,8.2
196,makubetsu,100,JP,1589032309,85,45.37,141.82,8.81,6.0
197,saint-augustin,61,CA,1589032309,83,51.23,-58.65,4.94,6.31
198,oranjestad,40,AW,1589032062,74,12.52,-70.03,29.0,9.8
199,ketchikan,1,US,1589032310,76,55.34,-131.65,12.0,3.6
200,cap malheureux,10,MU,1589032310,70,-19.98,57.61,25.0,1.34
201,waipawa,6,NZ,1589032310,87,-41.41,175.52,12.0,5.1
202,santo domingo,40,DO,1589032260,78,18.5,-69.99,30.0,4.31
203,canutama,95,BR,1589032312,61,-6.53,-64.38,28.41,1.62
204,jumla,100,NP,1589032312,67,29.27,82.18,11.59,2.28
205,baft,89,IR,1589032313,17,29.23,56.61,23.95,5.06
206,las palmas,20,ES,1589032313,50,28.42,-14.01,26.0,6.2
207,hualmay,62,PE,1589032313,77,-11.1,-77.61,20.81,3.76
208,kropotkin,29,RU,1589032314,62,45.44,40.58,14.25,8.3
209,ilulissat,75,GL,1589032314,69,69.22,-51.1,1.0,2.1
210,teya,100,RU,1589032314,71,60.38,92.63,14.67,2.33
211,ponta do sol,20,PT,1589032315,53,32.67,-17.1,22.0,3.1
212,santa cruz,0,BO,1589032247,64,-17.8,-63.17,20.0,5.1
213,oxford,95,GB,1589032122,35,51.75,-1.26,24.0,3.6
214,bloemfontein,0,ZA,1589032316,24,-29.12,26.21,22.0,2.1
215,port lincoln,5,AU,1589032127,72,-34.73,135.87,12.42,4.08
216,vostok,100,RU,1589032316,62,46.49,135.88,10.57,3.08
217,narok,73,KE,1589032317,80,-1.08,35.86,19.77,5.05
218,axim,95,GH,1589032317,79,4.87,-2.24,28.45,3.97
219,georgetown,20,MY,1589032231,94,5.41,100.34,29.0,2.1
220,rocha,47,UY,1589032318,60,-34.48,-54.33,15.53,4.86
221,nouadhibou,0,MR,1589032318,28,20.93,-17.03,29.0,11.8
222,mocuba,79,MZ,1589032319,82,-16.84,36.99,23.54,2.31
223,nanortalik,0,GL,1589032320,64,60.14,-45.24,5.42,4.04
224,agadez,0,NE,1589032320,7,19.75,10.25,38.66,0.1
225,touros,75,BR,1589032321,78,-5.2,-35.46,28.0,3.6
226,berlevag,40,NO,1589032321,59,70.86,29.09,1.0,3.1
227,chicama,75,PE,1589032321,88,-7.84,-79.15,19.0,2.1
228,upington,0,ZA,1589032322,17,-28.45,21.26,29.0,2.1
229,dauphin,1,CA,1589032322,69,51.15,-100.05,1.0,5.1
230,san andres,75,CO,1589032322,83,12.58,-81.7,29.0,5.7
231,bilma,0,NE,1589032322,6,18.69,12.92,40.65,1.72
232,ruston,1,US,1589032323,76,32.52,-92.64,13.0,3.1
233,oranjemund,0,NA,1589032323,22,-28.55,16.43,28.07,4.31
234,sola,25,VU,1589032323,80,-13.88,167.55,26.65,7.45
235,westport,20,US,1589032323,48,41.14,-73.36,5.0,8.2
236,nioki,78,CD,1589032324,53,-2.72,17.68,32.5,1.62
237,seoul,75,KR,1589032168,93,37.57,126.98,14.0,2.1
238,athabasca,0,CA,1589032324,73,54.72,-113.29,4.25,4.23
239,hanmer springs,0,NZ,1589032325,77,-42.52,172.82,8.33,2.03
240,zherdevka,100,RU,1589032325,65,51.85,41.46,15.24,3.66
241,akureyri,75,IS,1589032325,47,65.68,-18.09,2.0,7.7
242,pitimbu,75,BR,1589032326,70,-7.47,-34.81,30.0,7.2
243,ixtapa,5,MX,1589032326,100,20.7,-105.2,24.44,0.68
244,bambous virieux,40,MU,1589032326,69,-20.34,57.76,26.0,4.1
245,sredniy ikorets,74,RU,1589032326,65,51.07,39.76,14.78,3.51
246,san cristobal,40,VE,1589032327,54,7.77,-72.22,29.0,12.9
247,bubaque,82,GW,1589032327,71,11.28,-15.83,25.72,5.06
248,savannah bight,76,HN,1589032328,83,16.45,-85.85,27.83,8.18
249,codrington,6,AU,1589032328,66,-38.27,141.97,9.05,7.33
250,kamennomostskiy,13,RU,1589032328,41,44.3,40.19,14.11,3.87
251,talnakh,75,RU,1589032328,98,69.49,88.4,0.0,7.0
252,betioky,3,MG,1589032329,42,-23.72,44.38,26.72,4.71
253,tiksi,56,RU,1589032329,95,71.69,128.87,-9.38,1.51
254,milford mill,0,US,1589032329,32,39.35,-76.77,6.11,6.45
255,paamiut,0,GL,1589032330,76,61.99,-49.67,3.71,4.39
256,nome,75,US,1589032330,81,64.5,-165.41,5.0,6.7
257,visby,48,SE,1589032330,62,57.64,18.3,15.0,2.6
258,cherskiy,0,RU,1589032330,90,68.75,161.3,0.07,3.43
259,sovetskiy,71,RU,1589032331,29,61.36,63.58,24.58,2.9
260,puerto escondido,20,MX,1589032150,74,15.85,-97.07,26.0,3.1
261,hoenheim,16,FR,1589032331,50,48.62,7.76,24.0,4.1
262,thinadhoo,100,MV,1589032326,78,0.53,72.93,29.49,7.15
263,paka,100,MY,1589032332,94,4.64,103.44,28.0,1.0
264,farmington,1,US,1589032332,24,36.73,-108.22,6.0,2.6
265,sibolga,100,ID,1589032332,83,1.74,98.78,26.67,1.49
266,puerto leguizamo,99,CO,1589032333,95,-0.19,-74.78,23.2,1.62
267,paita,26,PE,1589032333,78,-5.09,-81.11,23.0,10.3
268,dhidhdhoo,100,MV,1589032068,76,6.88,73.1,29.84,4.12
269,nishihara,40,JP,1589032334,94,26.18,127.76,24.0,4.6
270,pacific grove,90,US,1589032060,87,36.62,-121.92,11.0,1.63
271,togur,94,RU,1589032334,49,58.36,82.83,20.37,2.64
272,meadela,75,PT,1589032335,93,41.71,-8.8,15.56,2.1
273,vila,100,PT,1589032335,90,42.03,-8.16,12.78,1.34
274,acapulco,5,MX,1589032138,78,16.86,-99.89,25.0,2.1
275,hirado,100,JP,1589032336,81,33.36,129.55,21.67,4.02
276,norman wells,5,CA,1589032336,74,65.28,-126.83,-2.0,3.6
277,jalu,16,LY,1589032337,13,29.03,21.55,29.64,2.53
278,burleson,19,US,1589032087,82,32.54,-97.32,15.56,0.45
279,thessalon,90,CA,1589032337,86,46.25,-83.57,-1.0,2.6
280,basco,4,PH,1589032337,76,20.45,121.97,28.55,3.23
281,chapais,90,CA,1589032338,79,49.78,-74.85,-4.0,5.7
282,palmer,55,US,1589032268,64,42.16,-72.33,4.44,2.68
283,ucluelet,40,CA,1589032338,71,48.93,-125.55,15.0,3.1
284,vigia,75,BR,1589032339,83,-0.86,-48.14,28.0,1.5
285,saint-joseph,75,RE,1589032339,69,-21.37,55.62,25.0,7.7
286,pacifica,90,US,1589032339,93,37.61,-122.49,11.67,2.1
287,victor harbor,11,AU,1589032340,94,-35.57,138.62,8.89,4.18
288,pochutla,49,MX,1589032340,69,15.74,-96.47,27.78,0.88
289,okha,98,RU,1589032341,98,53.57,142.95,0.13,2.68
290,arauca,75,CO,1589032341,100,7.08,-70.76,23.0,1.5
291,lazaro cardenas,0,MX,1589032342,60,17.96,-102.2,27.64,1.18
292,yaan,48,NG,1589032342,45,7.38,8.57,34.94,2.37
293,dharchula,100,IN,1589032342,75,29.85,80.53,15.17,0.95
294,houlton,90,US,1589032342,92,46.13,-67.84,-1.0,6.2
295,mulchen,75,CL,1589032343,100,-37.72,-72.23,11.0,5.1
296,sungaipenuh,100,ID,1589032343,93,-2.08,101.38,20.39,0.48
297,deputatskiy,100,RU,1589032343,99,69.3,139.9,-4.17,1.02
298,vardo,75,NO,1589032065,64,70.37,31.11,3.0,2.1
299,naze,75,JP,1589032344,100,28.37,129.48,22.0,1.5
300,cleburne,1,US,1589032084,58,32.35,-97.39,15.56,4.1
301,baruun-urt,19,MN,1589032344,83,46.68,113.28,3.65,7.48
302,bouna,100,CI,1589032345,40,9.27,-3.0,35.72,3.04
303,bac lieu,100,VN,1589032277,73,9.29,105.72,29.76,5.33
304,barguzin,34,RU,1589032345,72,53.62,109.62,2.43,1.83
305,beipiao,100,CN,1589032346,40,41.79,120.78,17.76,0.9
306,puerto ayacucho,75,VE,1589032346,88,5.66,-67.62,26.0,1.5
307,karratha,99,AU,1589032348,57,-20.74,116.85,24.89,2.22
308,hofn,45,IS,1589032348,69,64.25,-15.21,1.95,6.01
309,aquiraz,75,BR,1589032349,74,-3.9,-38.39,29.0,4.1
310,asau,75,RO,1589032349,40,46.43,26.4,21.0,3.6
311,kloulklubed,90,PW,1589032349,94,7.04,134.26,26.0,3.1
312,imst,40,AT,1589032349,59,47.27,10.67,25.0,3.1
313,yerbogachen,100,RU,1589032350,84,61.28,108.01,6.62,4.81
314,tenenkou,89,ML,1589032350,17,14.46,-4.92,40.03,4.4
315,pauini,16,BR,1589032350,59,-7.71,-66.98,26.06,1.65
316,vila velha,40,BR,1589032351,73,-20.33,-40.29,23.89,2.1
317,san juan,2,AR,1589032253,37,-31.54,-68.54,18.91,0.69
318,itaguai,0,BR,1589032301,64,-22.85,-43.78,23.0,2.6
319,bara,13,NG,1589032351,26,10.37,10.73,38.74,1.34
320,uttaradit,78,TH,1589032352,61,17.67,100.5,30.56,2.01
321,valleyview,0,CA,1589032352,70,55.07,-117.29,4.61,2.77
322,necochea,0,AR,1589032077,65,-38.55,-58.74,16.11,7.15
323,zahesi,90,GE,1589032352,81,41.82,44.75,12.0,3.6
324,matamoros,5,MX,1589032353,72,25.53,-103.25,19.0,3.52
325,pangnirtung,100,CA,1589032353,87,66.15,-65.71,-0.27,1.56
326,labrea,42,BR,1589032353,63,-7.26,-64.8,28.18,1.62
327,aykhal,90,RU,1589032354,97,66.0,111.5,0.0,4.0
328,goderich,100,CA,1589032354,85,43.75,-81.72,1.11,11.27
329,boa vista,75,BR,1589032335,74,2.82,-60.67,28.0,4.1
330,udachnyy,90,RU,1589032355,97,66.42,112.4,0.0,4.0
331,suriapet,73,IN,1589032355,22,17.15,79.62,38.01,3.17
332,iqaluit,75,CA,1589032355,64,63.75,-68.51,1.0,3.6
333,janakkala,0,FI,1589032356,43,60.9,24.6,13.89,3.93
334,tual,10,ID,1589032356,76,-5.67,132.75,28.88,9.04
335,kahta,75,TR,1589032357,87,37.79,38.62,15.0,2.1
336,sitka,20,US,1589032357,53,57.05,-135.33,11.0,2.1
337,jackson,1,US,1589032357,62,42.42,-122.83,13.0,1.03
338,dongkan,63,CN,1589032358,77,34.0,119.83,15.09,1.5
339,prince rupert,20,CA,1589032358,61,54.32,-130.32,9.0,2.25
340,lisala,100,CD,1589032358,98,2.15,21.52,22.57,1.0
341,iskateley,99,RU,1589032359,99,67.68,53.15,0.85,1.73
342,morondava,0,MG,1589032359,62,-20.28,44.28,26.7,4.52
343,jodhpur,97,IN,1589032359,13,26.29,73.03,39.02,2.42
344,angoche,6,MZ,1589032359,68,-16.23,39.91,25.88,5.89
345,luderitz,0,NA,1589032360,36,-26.65,15.16,27.0,2.6
346,samarai,99,PG,1589032360,82,-10.62,150.67,26.82,7.82
347,shimoda,75,JP,1589032360,72,34.67,138.95,18.0,1.0
348,punta alta,44,AR,1589032113,49,-38.88,-62.07,17.58,8.57
349,uyemskiy,75,RU,1589032361,33,64.47,40.85,14.0,4.0
350,iquitos,75,PE,1589032351,88,-3.75,-73.25,23.0,2.6
351,port blair,100,IN,1589032362,80,11.67,92.75,28.19,1.5
352,maarianhamina,93,AX,1589032362,39,60.1,19.93,9.0,5.1
353,krasnyy yar,40,RU,1589032362,42,46.53,48.35,18.0,6.0
354,pisco,75,PE,1589032363,93,-13.7,-76.22,18.33,1.0
355,bairiki,40,KI,1589032363,83,1.33,172.98,28.0,2.1
356,abu dhabi,0,AE,1589032200,26,24.47,54.37,35.0,5.1
357,qaqortoq,20,GL,1589032364,12,60.72,-46.03,13.0,5.7
358,las lomas,40,PA,1589032364,83,8.43,-82.4,27.0,0.62
359,hudiksvall,68,SE,1589032364,55,61.73,17.1,7.74,5.61
360,garowe,0,SO,1589032365,21,8.41,48.48,34.03,3.94
361,saint-georges,40,GD,1589032365,70,12.06,-61.75,29.0,9.3
362,alofi,16,NU,1589032365,94,-19.06,-169.92,25.0,2.1
363,bathsheba,20,BB,1589032366,62,13.22,-59.52,30.0,9.8
364,umm lajj,100,SA,1589032366,47,25.02,37.27,27.76,6.31
365,mount gambier,1,AU,1589032366,87,-37.83,140.77,6.0,3.6
366,ulaangom,0,MN,1589032366,38,49.98,92.07,10.6,1.68
367,surovikino,85,RU,1589032367,56,48.61,42.85,15.66,7.88
368,wazirabad,40,PK,1589032367,28,32.45,74.12,36.0,2.1
369,papara,75,BR,1589032367,74,-3.98,-38.73,29.44,4.1
370,imbituba,0,BR,1589032368,68,-28.24,-48.67,21.0,4.6
371,rincon viejo,97,MX,1589032368,62,16.9,-95.05,28.77,1.2
372,gwadar,0,PK,1589032340,55,25.12,62.33,30.61,6.76
373,arica,11,CL,1589032369,72,-18.48,-70.3,19.0,1.0
374,tuatapere,37,NZ,1589032369,84,-46.13,167.68,11.06,3.04
375,nador,40,MA,1589032139,56,35.17,-2.93,23.0,5.1
376,havelock,1,US,1589032370,43,34.88,-76.9,11.11,7.2
377,san patricio,5,MX,1589032370,83,19.22,-104.7,21.0,3.1
378,samana,40,DO,1589032371,83,19.21,-69.34,27.0,3.64
379,souillac,40,MU,1589032371,69,-20.52,57.52,26.0,4.1
380,itaobim,96,BR,1589032371,63,-16.57,-41.83,22.47,3.04
381,charters towers,2,AU,1589032372,80,-20.1,146.27,18.29,3.39
382,porto novo,69,BJ,1589032372,60,6.5,2.6,32.7,6.18
383,nassau,20,US,1589032320,44,40.75,-73.58,5.56,7.7
384,verkhnevilyuysk,0,RU,1589032373,90,63.45,120.32,-3.33,2.21
385,zuya,14,UA,1589032373,57,45.05,34.32,13.93,6.45
386,kavieng,0,PG,1589032374,79,-2.57,150.8,28.53,4.14
387,qui nhon,3,VN,1589032374,88,13.77,109.23,27.02,3.63
388,leshukonskoye,66,RU,1589032374,59,64.9,45.76,10.59,1.47
389,ratnagiri,0,IN,1589032374,75,16.98,73.3,28.9,3.87
390,katsuura,100,JP,1589032375,75,35.13,140.3,18.89,4.02
391,laguna,1,US,1589032375,59,38.42,-121.42,16.11,2.1
392,linhares,47,BR,1589032376,57,-19.39,-40.07,24.51,4.41
393,verkhnetulomskiy,97,RU,1589032376,48,68.61,31.8,5.0,1.0
394,amahai,9,ID,1589032376,89,-3.33,128.92,28.33,1.88
395,liwonde,74,MW,1589032377,42,-15.05,35.2,27.28,2.73
396,libourne,20,FR,1589032377,64,44.92,-0.25,27.22,3.6
397,labuhan,100,ID,1589032377,83,-6.88,112.21,26.24,3.2
398,arlit,0,NE,1589032378,6,18.74,7.39,41.74,2.85
399,noumea,0,NC,1589031978,82,-22.28,166.46,21.67,1.0
400,goure,2,NE,1589032379,20,13.98,10.27,39.44,3.58
401,severnyy,75,RU,1589032379,93,50.68,36.55,10.0,2.0
402,cizre,62,TR,1589032379,39,37.33,42.19,26.0,7.2
403,atbasar,93,KZ,1589032380,33,51.8,68.33,21.86,6.78
404,darnah,4,LY,1589032380,56,32.77,22.64,19.71,6.93
405,namibe,0,AO,1589032380,41,-15.2,12.15,36.0,6.7
406,alugan,100,PH,1589032380,83,12.22,125.48,27.46,3.2
407,mount hagen,99,PG,1589032381,92,-5.86,144.23,16.45,0.47
408,leningradskiy,27,RU,1589032381,94,69.38,178.42,-6.68,3.16
409,eenhana,0,NA,1589032382,24,-17.47,16.33,28.24,4.34
410,banda aceh,100,ID,1589032382,87,5.56,95.32,25.83,3.15
411,pascagoula,1,US,1589032383,62,30.37,-88.56,14.0,7.2
412,phalodi,34,IN,1589032384,11,27.13,72.37,40.13,1.99
413,ulaanbaatar,40,MN,1589032384,35,47.91,106.88,4.0,6.0
414,punakha,71,BT,1589032384,55,27.58,89.86,17.89,0.38
415,pombas,40,CV,1589032385,57,17.15,-25.02,26.0,14.4
416,eureka,100,US,1589032376,85,40.8,-124.16,12.22,0.83
417,saint-louis,34,SN,1589032385,8,16.33,-15.0,43.5,7.69
418,penzance,100,GB,1589032100,52,50.12,-5.54,19.44,8.7
419,padang,100,ID,1589032386,73,-0.95,100.35,27.16,1.13
420,kirakira,0,SB,1589032386,82,-10.45,161.92,25.88,3.6
421,shangzhi,100,CN,1589032387,91,45.22,127.97,11.55,0.83
422,cravo norte,100,CO,1589032387,89,6.3,-70.2,25.15,3.5
423,mount isa,0,AU,1589032387,27,-20.73,139.5,24.0,4.6
424,dutlwe,2,BW,1589032388,20,-23.98,23.9,26.49,2.93
425,lata,100,PT,1589032388,68,40.16,-8.33,20.0,1.79
426,thanyaburi,20,TH,1589032388,66,14.02,100.73,35.0,4.1
427,atherton,99,GB,1589032109,46,53.52,-2.49,25.0,0.89
428,tomatlan,0,MX,1589032389,54,19.93,-105.25,27.15,0.27
429,luneburg,70,DE,1589032200,33,53.25,10.4,22.0,4.1
430,port hedland,83,AU,1589032389,34,-20.32,118.57,26.0,2.6
431,dunedin,4,NZ,1589032390,88,-45.87,170.5,11.11,0.89
432,lasa,40,IT,1589032390,59,46.62,10.7,17.0,3.1
433,hauterive,92,FR,1589032390,34,46.09,3.45,27.0,1.0
434,xiamen,32,CN,1589032391,83,24.48,118.08,28.0,2.0
435,biak,100,ID,1589032391,82,-0.91,122.88,26.23,2.88
436,iquique,4,CL,1589032391,72,-20.22,-70.14,19.0,2.1
437,kulhudhuffushi,99,MV,1589032392,77,6.62,73.07,29.58,3.61
438,roswell,1,US,1589032300,70,34.02,-84.36,10.0,3.6
439,auki,55,SB,1589032393,86,-8.77,160.7,26.55,2.29
440,cabedelo,75,BR,1589032393,70,-6.98,-34.83,30.0,7.2
441,inhambane,40,MZ,1589032394,54,-23.86,35.38,26.0,4.6
442,gondanglegi,100,ID,1589032394,93,-7.75,112.01,24.38,1.34
443,sept-iles,40,CA,1589032237,52,50.2,-66.38,6.67,1.5
444,camacupa,18,AO,1589032394,41,-12.02,17.48,26.52,1.94
445,hambantota,100,LK,1589032395,81,6.12,81.12,28.81,5.07
446,tura,61,IN,1589032395,42,25.52,90.22,25.76,1.41
447,akdepe,0,TM,1589032395,28,42.06,59.38,29.0,6.2
448,broome,75,US,1589032396,63,42.25,-75.83,0.56,7.2
449,nema,0,RU,1589032396,39,57.51,50.5,24.09,1.64
450,chiuza,40,RO,1589032396,33,47.23,24.25,22.0,4.1
451,saint-nazaire,75,FR,1589032397,78,47.28,-2.2,22.0,1.0
452,aliwal north,0,ZA,1589032397,20,-30.69,26.71,22.38,2.11
453,te anau,100,NZ,1589032397,87,-45.42,167.72,9.8,1.15
454,bengkulu,95,ID,1589032397,85,-3.8,102.27,26.3,1.94
455,ust-kut,42,RU,1589032398,68,56.79,105.77,5.45,1.98
456,truro,100,GB,1589032250,46,50.27,-5.05,22.0,2.1
457,asyut,0,EG,1589032398,30,27.18,31.18,29.0,7.7
458,motala,92,SE,1589032399,54,58.54,15.04,14.0,3.1
459,kysyl-syr,1,RU,1589032399,96,63.9,122.76,-7.38,0.76
460,zainsk,20,RU,1589032399,18,55.32,52.07,28.0,9.0
461,teshie,40,GH,1589032399,66,5.58,-0.11,32.0,6.2
462,cabinda,40,AO,1589032400,70,-5.55,12.2,31.0,3.6
463,puerto narino,90,CO,1589032400,100,-3.77,-70.38,23.0,2.1
464,escanaba,1,US,1589032400,64,45.75,-87.06,2.78,3.1
465,san rafael,0,AR,1589032401,30,-34.62,-68.33,18.89,1.73
466,high level,75,CA,1589032401,76,58.52,-117.14,0.0,4.6
467,vitim,100,RU,1589032401,58,59.45,112.56,5.98,1.71
468,odweyne,67,SO,1589032401,41,9.41,45.06,29.37,3.52
469,san carlos de bariloche,75,AR,1589032402,81,-41.15,-71.31,9.44,11.3
470,puro,100,PH,1589032402,71,12.48,123.38,28.89,4.53
471,dourbali,0,TD,1589032402,13,11.81,15.86,40.88,1.94
472,namatanai,13,PG,1589032403,81,-3.67,152.43,27.39,2.84
473,manaure,23,CO,1589032403,62,11.78,-72.44,31.0,7.7
474,esperance,0,AU,1589032405,87,-33.87,121.9,11.0,3.1
475,presidencia roque saenz pena,0,AR,1589032405,37,-26.79,-60.44,19.65,5.65
476,vung tau,0,VN,1589032178,76,10.35,107.08,29.38,5.55
477,kijang,75,KR,1589032290,88,35.24,129.21,17.0,3.1
478,binga,0,ZW,1589032406,41,-17.62,27.34,26.68,2.04
479,north bend,1,US,1589032406,100,43.41,-124.22,11.11,2.6
480,ahipara,16,NZ,1589032407,87,-35.17,173.17,12.69,2.03
481,samandag,40,TR,1589032407,47,36.08,35.98,26.0,6.7
482,waingapu,7,ID,1589032256,82,-9.66,120.26,25.0,3.42
483,dzhalil,0,RU,1589032408,44,55.02,52.74,23.12,3.36
484,ingham,75,US,1589032408,51,42.6,-84.38,2.78,6.2
485,livingston,40,GB,1589032408,52,55.9,-3.52,20.0,4.1
486,filiatra,100,GR,1589032409,29,37.15,21.58,24.0,5.1
487,waddan,100,LY,1589032409,13,29.16,16.14,33.32,2.64
488,gigmoto,91,PH,1589032409,80,13.78,124.39,27.74,2.14
489,nhulunbuy,40,AU,1589032410,74,-12.23,136.77,27.0,5.1
490,lubango,0,AO,1589032410,35,-14.92,13.49,23.61,1.53
491,nanjing,40,CN,1589032410,77,32.06,118.78,17.22,3.0
492,najran,0,SA,1589032411,19,17.49,44.13,36.0,4.6
493,kieta,77,PG,1589032411,79,-6.22,155.63,26.74,2.12
494,wilmington,1,US,1589032348,34,34.23,-77.94,12.22,7.7
495,panaba,71,MX,1589032412,78,21.28,-88.27,27.09,5.3
496,kahului,75,US,1589032412,73,20.89,-156.47,23.0,3.6
497,mandera,75,KE,1589032412,47,3.94,41.87,33.11,5.78
498,pipri,40,IN,1589032413,20,19.8,75.53,39.0,1.5
499,beni,98,CD,1589032413,98,0.5,29.47,22.86,1.52
500,chama,54,CH,1589032413,41,47.18,8.46,27.22,2.1
501,verkhnyaya inta,100,RU,1589032413,53,65.98,60.31,10.07,1.07
502,rodez,100,FR,1589032414,49,44.5,2.58,21.0,6.2
503,ust-nera,100,RU,1589032414,94,64.57,143.2,-0.48,2.62
504,lodwar,46,KE,1589032414,33,3.12,35.6,34.34,3.3
505,correntina,79,BR,1589032415,67,-13.34,-44.64,24.02,4.28
506,lorengau,13,PG,1589032415,77,-2.02,147.27,28.32,2.9
507,port macquarie,32,AU,1589032415,91,-31.43,152.92,15.0,3.43
508,kalemie,15,CD,1589032415,72,-5.95,29.19,25.44,4.44
509,aden,0,YE,1589032350,62,12.78,45.04,31.52,4.94
510,misratah,3,LY,1589032416,53,32.38,15.09,22.71,8.8
511,boyolangu,100,ID,1589032417,91,-8.12,111.89,24.64,3.57
512,nanyuki,70,KE,1589032417,77,0.02,37.07,20.05,0.51
513,batagay-alyta,99,RU,1589032417,96,67.8,130.41,-7.94,0.87
514,goundam,0,ML,1589032418,7,16.41,-3.67,42.12,1.49
515,anchorage,40,US,1589032150,61,61.22,-149.9,8.0,1.5
516,alyangula,90,AU,1589032418,100,-13.85,136.42,24.0,5.26
517,abu samrah,100,SY,1589032418,49,35.3,37.18,20.74,9.89
518,galle,100,LK,1589032419,80,6.04,80.22,28.85,1.94
519,lashio,0,MM,1589032419,46,22.93,97.75,23.14,0.8
520,la ronge,90,CA,1589032419,96,55.1,-105.28,0.0,4.6
521,kununurra,90,AU,1589032420,57,-15.77,128.73,24.0,1.5
522,pingliang,0,CN,1589032420,43,35.54,106.69,10.97,2.14
523,adrar,0,MR,1589032420,9,20.5,-10.07,38.68,6.84
524,wewak,1,PG,1589032420,84,-3.55,143.63,27.58,2.8
525,zhuhai,40,CN,1589032421,88,22.28,113.57,29.0,6.2
526,hami,0,CN,1589032421,24,42.8,93.45,19.35,6.5
527,tibati,23,CM,1589032422,47,6.47,12.63,31.23,1.97
528,yekaterinovka,100,RU,1589032422,82,52.05,44.35,12.55,1.5
529,tabuleiro do norte,29,BR,1589032422,55,-5.25,-38.13,29.94,4.77
530,beloha,0,MG,1589032422,65,-25.17,45.05,21.59,6.53
531,shaoguan,99,CN,1589032423,85,24.8,113.58,27.15,1.01
532,sabang,100,ID,1589032423,88,5.89,95.32,26.27,6.18
533,bykovo,75,RU,1589032424,62,55.64,38.08,15.56,4.0
534,chaman,0,PK,1589032424,12,30.92,66.45,29.69,6.93
535,guerrero negro,31,MX,1589032424,79,27.98,-114.06,18.61,4.21
536,dipalpur,85,PK,1589032424,15,30.67,73.65,37.02,3.64
537,norsup,1,VU,1589032425,81,-16.07,167.38,24.24,3.8
538,derzhavinsk,100,KZ,1589032425,31,51.1,66.32,22.94,5.85
539,ambulu,100,ID,1589032425,92,-8.35,113.61,24.85,1.29
540,okhotsk,9,RU,1589032426,90,59.38,143.3,0.88,1.96
541,majayjay,75,PH,1589032426,78,14.15,121.47,28.89,3.1
542,sainte-anne-des-monts,100,CA,1589032427,71,49.12,-66.49,3.95,4.09
543,aklavik,5,CA,1589032427,69,68.22,-135.01,1.0,6.2
544,homer,90,US,1589032427,75,59.64,-151.55,7.0,2.17
545,marzuq,0,YE,1589032427,23,14.4,46.47,30.31,6.33
546,araouane,37,ML,1589032428,6,18.9,-3.53,42.09,3.3
547,coquimbo,75,CL,1589032428,82,-29.95,-71.34,13.0,0.5
548,mentana,17,IT,1589032428,31,42.03,12.64,25.0,3.1
549,ahuimanu,40,US,1589032429,57,21.44,-157.84,26.0,2.6
550,amapa,98,BR,1589032429,74,1.0,-52.0,27.78,1.17
551,camana,100,PE,1589032429,68,-16.62,-72.71,21.08,2.75
552,jaypur,51,IN,1589032429,26,18.85,82.58,32.66,1.32
553,dawson,10,US,1589032430,51,31.77,-84.45,15.0,4.1
554,weiser,1,US,1589032430,57,44.25,-116.97,11.11,1.5
555,fairbanks,1,US,1589032162,52,64.84,-147.72,10.0,0.93
556,sherlovaya gora,100,RU,1589032431,58,50.57,116.25,7.66,7.02
557,khandyga,100,RU,1589032431,99,62.67,135.6,-0.9,1.32
558,dakar,70,SN,1589032412,74,14.69,-17.44,26.0,8.2
559,kebumen,100,ID,1589032433,86,-7.67,109.65,26.46,1.34
560,alpine,90,US,1589032434,88,32.84,-116.77,17.0,2.1
561,alta,73,NO,1589032434,41,69.97,23.27,4.0,4.6
562,cockburn town,99,TC,1589032434,82,21.46,-71.14,27.26,8.98
563,lavrentiya,58,RU,1589032435,96,65.58,-171.0,-0.92,3.69
564,san simon de la laguna,90,MX,1589032435,87,19.3,-100.08,18.33,0.12
565,jeremie,99,HT,1589032435,64,18.65,-74.12,28.63,1.55
566,punta gorda,75,US,1589032431,69,26.93,-82.05,26.11,3.1
567,ekibastuz,13,KZ,1589032436,33,51.67,75.37,20.44,5.93
568,serebryansk,0,KZ,1589032436,33,49.69,83.29,23.0,2.0
569,kasulu,40,TZ,1589032436,61,-4.58,30.1,28.0,5.1
